{"cameraMode":{"drawMode":0,"name":"Shaded","section":"Shading Mode"},"sceneLighting":false,"audioPlay":false,"sceneViewState":{"showFog":true,"showMaterialUpdate":true,"showSkybox":false,"showFlares":true,"showImageEffects":true,"showParticleSystems":true},"in2DMode":false,"pivot":{"x":341.0409851074219,"y":0.8183189630508423,"z":153.78199768066407},"rotation":{"x":0.04298882186412811,"y":0.9455119371414185,"z":-0.2909280061721802,"w":0.13971416652202607},"size":1.625043272972107,"orthographic":false}