{"cameraMode":{"drawMode":0,"name":"Shaded","section":"Shading Mode"},"sceneLighting":false,"audioPlay":false,"sceneViewState":{"showFog":true,"showMaterialUpdate":true,"showSkybox":false,"showFlares":true,"showImageEffects":true,"showParticleSystems":true},"in2DMode":false,"pivot":{"x":343.71600341796877,"y":0.1880667507648468,"z":146.6607208251953},"rotation":{"x":0.16447727382183076,"y":-0.7296150922775269,"z":0.1885543018579483,"w":0.6364403963088989},"size":0.824950635433197,"orthographic":true}