{"cameraMode":{"drawMode":0,"name":"Shaded","section":"Shading Mode"},"sceneLighting":false,"audioPlay":false,"sceneViewState":{"showFog":true,"showMaterialUpdate":true,"showSkybox":false,"showFlares":true,"showImageEffects":true,"showParticleSystems":true},"in2DMode":false,"pivot":{"x":339.0322570800781,"y":0.8999999761581421,"z":156.08700561523438},"rotation":{"x":0.15011686086654664,"y":-0.660905659198761,"z":0.1373457908630371,"w":0.7223605513572693},"size":0.27695757150650027,"orthographic":false}