{"cameraMode":{"drawMode":0,"name":"Shaded","section":"Shading Mode"},"sceneLighting":false,"audioPlay":false,"sceneViewState":{"showFog":true,"showMaterialUpdate":true,"showSkybox":false,"showFlares":true,"showImageEffects":true,"showParticleSystems":true},"in2DMode":false,"pivot":{"x":397.7977294921875,"y":3.5055418014526369,"z":155.17727661132813},"rotation":{"x":-0.15025116503238679,"y":-0.19583724439144135,"z":0.030378881841897966,"w":-0.9685811996459961},"size":19.893007278442384,"orthographic":true}