{"cameraMode":{"drawMode":0,"name":"Shaded","section":"Shading Mode"},"sceneLighting":false,"audioPlay":false,"sceneViewState":{"showFog":true,"showMaterialUpdate":true,"showSkybox":false,"showFlares":true,"showImageEffects":true,"showParticleSystems":true},"in2DMode":false,"pivot":{"x":342.3883972167969,"y":0.8505318760871887,"z":162.41217041015626},"rotation":{"x":0.0812659040093422,"y":0.7476038336753845,"z":-0.09310349076986313,"w":0.6525459289550781},"size":11.870891571044922,"orthographic":true}