{"cameraMode":{"drawMode":0,"name":"Shaded","section":"Shading Mode"},"sceneLighting":false,"audioPlay":false,"sceneViewState":{"showFog":true,"showMaterialUpdate":true,"showSkybox":false,"showFlares":true,"showImageEffects":true,"showParticleSystems":true},"in2DMode":false,"pivot":{"x":392.27252197265627,"y":92.0,"z":372.7850036621094},"rotation":{"x":0.04126248508691788,"y":-0.9495189785957336,"z":0.14146441221237184,"w":0.2769458293914795},"size":3943.48291015625,"orthographic":true}