{"cameraMode":{"drawMode":0,"name":"Shaded","section":"Shading Mode"},"sceneLighting":false,"audioPlay":false,"sceneViewState":{"showFog":true,"showMaterialUpdate":true,"showSkybox":false,"showFlares":true,"showImageEffects":true,"showParticleSystems":true},"in2DMode":false,"pivot":{"x":339.0322570800781,"y":2.619999885559082,"z":149.7019805908203},"rotation":{"x":0.2108195275068283,"y":-0.11407341063022614,"z":0.02477790229022503,"w":0.9705300331115723},"size":1.7444005012512208,"orthographic":true}