{"cameraMode":{"drawMode":0,"name":"Shaded","section":"Shading Mode"},"sceneLighting":false,"audioPlay":false,"sceneViewState":{"showFog":true,"showMaterialUpdate":true,"showSkybox":false,"showFlares":true,"showImageEffects":true,"showParticleSystems":true},"in2DMode":false,"pivot":{"x":392.29998779296877,"y":10.0,"z":308.79998779296877},"rotation":{"x":0.03603599965572357,"y":-0.5416561961174011,"z":0.023248916491866113,"w":0.8395055532455444},"size":54.56641387939453,"orthographic":true}