{"cameraMode":{"drawMode":0,"name":"Shaded","section":"Shading Mode"},"sceneLighting":false,"audioPlay":false,"sceneViewState":{"showFog":true,"showMaterialUpdate":true,"showSkybox":false,"showFlares":true,"showImageEffects":true,"showParticleSystems":true},"in2DMode":false,"pivot":{"x":-1.0892713069915772,"y":2.259920120239258,"z":0.0009250640869140625},"rotation":{"x":-0.06265846639871597,"y":-0.8952097296714783,"z":0.13337436318397523,"w":-0.4205767512321472},"size":10.4383544921875,"orthographic":true}