{"cameraMode":{"drawMode":0,"name":"Shaded","section":"Shading Mode"},"sceneLighting":false,"audioPlay":false,"sceneViewState":{"showFog":true,"showMaterialUpdate":true,"showSkybox":false,"showFlares":true,"showImageEffects":true,"showParticleSystems":true},"in2DMode":false,"pivot":{"x":299.0199890136719,"y":-0.00274658203125,"z":171.17999267578126},"rotation":{"x":-0.03564964234828949,"y":-0.9522530436515808,"z":0.2774364948272705,"w":-0.12236117571592331},"size":5.14523458480835,"orthographic":false}