{"cameraMode":{"drawMode":0,"name":"Shaded","section":"Shading Mode"},"sceneLighting":false,"audioPlay":false,"sceneViewState":{"showFog":true,"showMaterialUpdate":true,"showSkybox":false,"showFlares":true,"showImageEffects":true,"showParticleSystems":true},"in2DMode":false,"pivot":{"x":340.79998779296877,"y":1.12225341796875,"z":117.86973571777344},"rotation":{"x":-0.229044571518898,"y":-0.6230635643005371,"z":0.19786812365055085,"w":-0.7212340831756592},"size":4.38493537902832,"orthographic":false}