{"cameraMode":{"drawMode":0,"name":"Shaded","section":"Shading Mode"},"sceneLighting":false,"audioPlay":false,"sceneViewState":{"showFog":true,"showMaterialUpdate":true,"showSkybox":false,"showFlares":true,"showImageEffects":true,"showParticleSystems":true},"in2DMode":false,"pivot":{"x":333.3927307128906,"y":1.5477776527404786,"z":195.3000030517578},"rotation":{"x":0.21827954053878785,"y":-0.42586037516593935,"z":0.106654092669487,"w":0.8715629577636719},"size":12.55985164642334,"orthographic":true}