{"cameraMode":{"drawMode":0,"name":"Shaded","section":"Shading Mode"},"sceneLighting":false,"audioPlay":false,"sceneViewState":{"showFog":true,"showMaterialUpdate":true,"showSkybox":false,"showFlares":true,"showImageEffects":true,"showParticleSystems":true},"in2DMode":false,"pivot":{"x":0.0,"y":1.7143375873565674,"z":-1.8790833950042725},"rotation":{"x":0.0812659040093422,"y":0.7476038336753845,"z":-0.09310349076986313,"w":0.6525459289550781},"size":23.423810958862306,"orthographic":true}