{"cameraMode":{"drawMode":0,"name":"Shaded","section":"Shading Mode"},"sceneLighting":false,"audioPlay":false,"sceneViewState":{"showFog":true,"showMaterialUpdate":true,"showSkybox":false,"showFlares":true,"showImageEffects":true,"showParticleSystems":true},"in2DMode":false,"pivot":{"x":287.79998779296877,"y":-0.6621912717819214,"z":129.35719299316407},"rotation":{"x":-0.13009002804756165,"y":-0.8623917102813721,"z":0.40168434381484988,"w":-0.2792970836162567},"size":18.85811996459961,"orthographic":true}