{"cameraMode":{"drawMode":0,"name":"Shaded","section":"Shading Mode"},"sceneLighting":false,"audioPlay":false,"sceneViewState":{"showFog":true,"showMaterialUpdate":true,"showSkybox":false,"showFlares":true,"showImageEffects":true,"showParticleSystems":true},"in2DMode":false,"pivot":{"x":312.8017272949219,"y":1.0,"z":160.82015991210938},"rotation":{"x":-0.6565062999725342,"y":0.0169675275683403,"z":-0.014773884788155556,"w":-0.7539849877357483},"size":0.914107084274292,"orthographic":true}