{"cameraMode":{"drawMode":0,"name":"Shaded","section":"Shading Mode"},"sceneLighting":false,"audioPlay":false,"sceneViewState":{"showFog":true,"showMaterialUpdate":true,"showSkybox":true,"showFlares":true,"showImageEffects":true,"showParticleSystems":true},"in2DMode":false,"pivot":{"x":398.0313415527344,"y":6.316999912261963,"z":66.80000305175781},"rotation":{"x":0.29109862446784975,"y":0.6551386713981628,"z":-0.3039550185203552,"w":0.627428412437439},"size":124.60150909423828,"orthographic":false}